Label,Phase,TitleLv,TitleEn,DescriptionLv,DescriptionEn,Suggests,Notes
ClarifyGoal,Understand,Noskaidro doto un prasīto,Clarify Givens and Goal,"Pārlasi uzdevumu: kas tieši ir dots, kas jāatrod vai jāpierāda? Izstāsti uzdevumu saviem vārdiem; atceries iesaistītās definīcijas.","Re-read the problem: what exactly is given, what must be found or proved? Restate the problem in your own words; recall the definitions involved.",,"Jauna rinda (2026). Polya 1. fāze (""Understanding the problem"")."
DrawPicture,Understand,Uzzīmē attēlu,Draw a Picture,"Jauna attēla vai shēmas izveidošana, lai vizualizētu uzdevuma situāciju kādā negaidītā veidā.","Creating a new picture or diagram to visualise the situation of the problem, possibly in an unexpected way.",MTH_GeometricInterpretation,"Polya: ""Draw a figure."""
UsingAllData,Understand,Izmanto visu doto,Use All the Data,"Risinājuma apzināta veidošana tā, lai izmantotu visu, kas ir dots",Deliberately building the solution so that everything given is used; asking which given condition has not been used yet.,,"Polya: ""Did you use all the data?"""
TrialAndError,Explore,Mēģini un kļūdies,Trial and Error,"Ķēpāšanās, dažādu gadījumu nesistemātiska aplūkošana.",Messing around: unsystematic exploration of various cases to get a feel for the problem.,,"Zeitz: ""get your hands dirty""."
SmallCases,Explore,Mazie gadījumi,Small Cases,"Izmēģini vismazākos gadījumus ($n = 1, 2, 3, \ldots$) vai mazu piemēru — ko vari pamanīt?","Try the smallest instances ($n = 1, 2, 3, \ldots$) or a small example — what do you notice?",,"Jauna rinda (2026). Zeitz: ""get your hands dirty""."
LookForPattern,Explore,Meklē likumsakarību,Look for a Pattern,Apkopo iegūtos rezultātus tabulā un meklē likumsakarību; tad mēģini to pierādīt.,Tabulate the results obtained so far and look for a pattern; then try to prove it.,MTH_MathematicalInduction,Jauna rinda (2026).
ExtremeCases,Explore,Robežgadījumi,Extreme Cases,"Aplūko galējos vai deģenerētos gadījumus: vislielāko/vismazāko vērtību, robežstāvokli, vienādības gadījumu.","Examine extreme or degenerate cases: the largest/smallest value, the boundary configuration, the equality case.",,Jauna rinda (2026).
GuessThenProve,Explore,Uzmini atbildi,"Guess, Then Prove","Mēģini uzminēt atbildi (no mazajiem gadījumiem vai pēc tās sagaidāmās formas) — tad pierādi, ka tā ir pareiza.",Try to guess the answer (from small cases or from its expected shape) — then prove that it is correct.,,Jauna rinda (2026).
TryToDisprove,Explore,Mēģini apgāzt,Try to Disprove,"Pirms pierādi, mēģini apgalvojumu apgāzt — meklē pretpiemēru. Vieta, kur pretpiemērs ""gandrīz izdodas"", parāda, kur slēpjas pierādījuma kodols.","Before proving, try to disprove the statement — search for a counterexample. The place where a counterexample ""almost works"" shows where the core of the proof lies.",,Jauna rinda (2026).
DropCondition,Explore,Atmet nosacījumu,Drop a Condition,Uz brīdi atmet vai atslābini vienu no nosacījumiem: kas tad kļūst iespējams? Tas parāda šī nosacījuma lomu uzdevumā.,Temporarily drop or relax one of the conditions: what becomes possible then? This reveals the role that condition plays in the problem.,,"Jauna rinda (2026). Polya: ""keep only a part of the condition""."
Analogy,Reformulate,Analoģija,Analogy,Jau zināmas problēmas izmantošana atrisinājumā vai atsaukšanās uz citu uzdevumu.,"Using an already known problem in the solution, or referring to another, similar problem.",,"Polya: ""Do you know a related problem?"""
Paraphrase,Reformulate,Pārformulē,Paraphrase,Uzdevuma pārformulēšana citos jēdzienos vai apzīmējumos.,Restating the problem in other concepts or notation.,MTH_InterpretationMethod,
Enumeration,Reformulate,Numerācija un kodēšana,Enumeration and Encoding,Uzdevumā sastopamo objektu vai situāciju numurēšana (aizstāšana ar skaitļiem) vai kodēšana (aizstāšana ar burtu virknītēm).,Numbering the objects or situations of the problem (replacing them with numbers) or encoding them (replacing them with symbol strings).,MTH_InterpretationWithCoding,
MakingItEasier,Reformulate,Vienkāršo uzdevumu,Make It Easier,"Situācijas vienkāršošana, sākotnējo uzdevumu atvieglojoši pārveidojumi.",Simplifying the situation; transformations that make the original problem easier; first solving a special case.,,"Polya: ""try to solve first some related, easier problem""; Zeitz: ""wishful thinking and make it easier""."
MakingItHarder,Reformulate,Vispārini uzdevumu,Generalize,"Situācijas vispārināšana, vispārīgāka uzdevuma risināšana","Generalising the situation; solving a more general problem (which may in fact be easier to attack — the ""inventor’s paradox"").",,"Polya: generalization; ""inventor’s paradox""."
WishfulThinking,Reformulate,Vēlmju domāšana,Wishful Thinking,"Papildu pieņēmumi, kas aizstāj pierādāmo apgalvojumu ar būtiski citu, ieskaitot sekas, kas iestātos, ja uzdevums jau būtu atrisināts","Extra assumptions that replace the required claim with an essentially different one, incl. exploring the consequences that would hold if the problem were already solved.",,"Zeitz: ""wishful thinking""."
AuxiliaryElements,Engage,Palīgelementi,Auxiliary Elements,"Palīgelementa ieviešana - papildu konstrukcija ģeometrijā, jauns apzīmējums apakšizteiksmei algebrā u.c.","Introducing an auxiliary element — an extra construction in geometry, a new notation for a subexpression in algebra, etc.",MTH_Augmentation; MTH_Substitution,"Polya: ""auxiliary elements""."
CaseAnalysis,Engage,Gadījumu pārlase,Case Analysis,Gadījumu vai apakšgadījumu pārlase,Enumerating the possible cases or subcases.,MTH_ExhaustiveAlgorithms,
Continuity,Engage,Nepārtrauktība un robežpāreja,Continuity and Limits,"Robežpāreja tiecoties uz bezgalību vai citu lielumu, nepārtrauktības apsvērumi, spriedumi par ļoti mazām izmaiņām.","Passing to a limit (towards infinity or another value), continuity considerations, reasoning about very small changes.",UsingContinuity; UsingSmallPerturbations,Pārsaukts (2026): bij. Continuitity (drukas kļūda).
DoubleCounting,Engage,Divkāršā skaitīšana,Double Counting,Saskaitīšana divos atšķirīgos veidos,Counting the same thing in two different ways.,MTH_DoubleCounting,
Symmetry,Engage,Simetrija,Symmetry,"Sākotnējās situācijas simetrijas izmantošana vai pārveidojums, kas palielina simetriju.","Using the symmetry of the original situation, or a transformation that increases the symmetry.",MTH_SymmetryWLOG,"Zeitz, 3. nodaļa."
WorkingBackwards,Engage,No beigām,Work Backwards,Procesa analīze no beigām; pēdējais un priekšpēdējais solis (penultimate step) atrisinājumā vai pierādījumā,Analysing the process from the end; the last and the second-to-last (penultimate) step of the solution or proof.,,"Polya: working backwards; Zeitz: ""the penultimate step""."
ParityAndRemainders,Engage,Paritāte un atlikumi,Parity and Remainders,Pārbaudi paritāti vai atlikumus pēc kāda moduļa — vai abas puses / visi sasniedzamie stāvokļi tos dod vienādus?,Check parity or remainders modulo some number — do both sides / all reachable states give the same ones?,ModularParity; SelectingModule,Jauna rinda (2026).
LookForInvariant,Engage,Kas nemainās?,What Stays the Same?,Procesā ar soļiem pajautā: kāds lielums pēc katra gājiena nemainās (vai mainās prognozējami vienā virzienā)?,"In a step-by-step process, ask: what quantity is unchanged after every move (or changes predictably in one direction)?",MTH_InvariantMethod,Jauna rinda (2026). Engel: invariance principle.
ExtremalElement,Engage,Ekstremālais elements,The Extremal Element,"Aplūko vislielāko, vismazāko, tuvāko vai tālāko objektu — ko par to var pateikt?","Consider the largest, smallest, nearest or farthest object — what can be said about it?",MTH_ExtremePrinciple,Jauna rinda (2026). Engel/Zeitz: extreme principle.
Pigeonhole,Engage,Vairāk objektu nekā vietu,More Objects than Boxes,Vai objektu ir vairāk nekā iespējamo kategoriju? Tad divi no tiem nonāks vienā kategorijā.,Are there more objects than possible categories? Then two of them must share a category.,MTH_MeanValuePrinciple,Jauna rinda (2026).
AssumeContrary,Engage,Pieņem pretējo,Assume the Contrary,"Pieņem, ka prasītais nav spēkā, un skaties, kādas sekas no tā izriet.","Assume the required statement fails, and see what consequences follow.",MTH_ContradictionMethod,Jauna rinda (2026).
ReduceToSmaller,Engage,Reducē uz mazāku,Reduce to a Smaller Case,Vai lielo gadījumu var reducēt uz mazāku tā paša uzdevuma gadījumu? Vai no $n-1$ vari tikt pie $n$?,Can the large case be reduced to a smaller instance of the same problem? Can you get from $n-1$ to $n$?,MTH_MathematicalInduction; MTH_DivideAndConquerAlgorithms,Jauna rinda (2026).
SplitIntoSubgoals,Engage,Sadali starpmērķos,Split into Subgoals,Sadali uzdevumu daļās vai starpmērķos (lemmās); atrisini daļas atsevišķi un savieno.,Decompose the problem into parts or intermediate goals (lemmas); solve the parts separately and recombine.,,"Jauna rinda (2026). Polya: ""decomposing and recombining""."
ExampleAndBound,Engage,Piemērs un novērtējums,Example and Bound,"""Lielākās/mazākās vērtības"" uzdevumos atbildi apstiprina divas daļas: piemērs, kas vērtību sasniedz, un novērtējums, ka labāk nevar.","In ""largest/smallest value"" problems the answer needs two parts: an example attaining the value, and a bound showing that one cannot do better.",,Jauna rinda (2026). Sasaucas ar questionType FindOptimal tipa uzdevumiem.
TryColoring,Engage,Izmēģini krāsojumu,Try a Colouring,Izkrāso rūtiņas vai objektus dažās krāsās (kā šaha galdiņu) un saskaiti katru krāsu atsevišķi.,Colour the cells or objects in a few colours (like a chessboard) and count each colour separately.,MTH_AuxiliaryColoring,Jauna rinda (2026).
TryOrdering,Engage,Sakārto elementus,Order the Elements,"Sakārto objektus (piemēram, augošā secībā) vai pieņem $a \le b \le c$, ""nezaudējot vispārīgumu"".","Order the objects (e.g. increasingly) or assume $a \le b \le c$ ""without loss of generality"".",MTH_SymmetryWLOG; MTH_OrderingElements,Jauna rinda (2026).
LookBack,Review,Atskaties,Look Back,"Kad atrisināts: pārbaudi rezultātu (speciālgadījumos, ar citu metodi); pajautā, ko šī pieeja dod citos uzdevumos.","Once solved: check the result (on special cases, by another method); ask what this approach gives in other problems.",,"Jauna rinda (2026). Polya 4. fāze (""Looking back"")."